ASV	Phylum	Class	Order	Family	Genus	Species	Best_match	Label_match
ASV_1	Dinoflagellata	Dinophyceae	Suessiales	Symbiodiniaceae	Cladocopium	NA	C1_C78a	ASV_1_C1_C78a
ASV_1000	Dinoflagellata	Dinophyceae	Suessiales	Symbiodiniaceae	clade_J	NA	79.6_J_LC503420	ASV_1000_79.6_J_LC503420
ASV_1001	Dinoflagellata	Dinophyceae	Suessiales	Symbiodiniaceae	Cladocopium	NA	95.4_C15lm	ASV_1001_95.4_C15lm
ASV_101	Dinoflagellata	Dinophyceae	Suessiales	Symbiodiniaceae	Fugacium	NA	98.9_F5.1_F5g/F5n	ASV_101_98.9_F5.1_F5g/F5n
ASV_102	Dinoflagellata	Dinophyceae	Suessiales	Symbiodiniaceae	Symbiodinium	NA	98.7_A13i	ASV_102_98.7_A13i
ASV_1039	Dinoflagellata	Dinophyceae	Suessiales	Symbiodiniaceae	Symbiodinium	NA	76.9_A1my	ASV_1039_76.9_A1my
ASV_1058	Dinoflagellata	Dinophyceae	Suessiales	Symbiodiniaceae	Freudenthalidium	5892_F_id87.7_F3.2	79.9_F3o	ASV_1058_79.9_F3o
ASV_106	Dinoflagellata	Dinophyceae	Suessiales	Symbiodiniaceae	Symbiodinium	A_EU106365_A5a_A5y_99.6	A5a	ASV_106_A5a
ASV_1080	Dinoflagellata	Dinophyceae	Suessiales	Symbiodiniaceae	Cladocopium	NA	97.8_C3gd	ASV_1080_97.8_C3gd
ASV_1091	Dinoflagellata	Dinophyceae	Suessiales	Symbiodiniaceae	Symbiodinium	A_EU106366	93.4_A2r	ASV_1091_93.4_A2r
ASV_11	Dinoflagellata	Dinophyceae	Suessiales	Symbiodiniaceae	Freudenthalidium	F3_AJ291525_F3.1_F3h_99.6	F3w	ASV_11_F3w
ASV_111	Dinoflagellata	Dinophyceae	Suessiales	Symbiodiniaceae	clade_I	NA	I4f	ASV_111_I4f
ASV_1117	Dinoflagellata	Dinophyceae	Suessiales	Symbiodiniaceae	Symbiodinium	NA	78.7_A1mw	ASV_1117_78.7_A1mw
ASV_1135	Dinoflagellata	Dinophyceae	Suessiales	Symbiodiniaceae	clade_J	J_LC503409_17OKTs6-04	98.5_J_LC503420	ASV_1135_98.5_J_LC503420
ASV_1140	Dinoflagellata	Dinophyceae	Suessiales	Symbiodiniaceae	Freudenthalidium	NA	86.3_F3o	ASV_1140_86.3_F3o
ASV_1144	Dinoflagellata	Dinophyceae	Suessiales	Symbiodiniaceae	clade_J	NA	79.9_J_LC503420	ASV_1144_79.9_J_LC503420
ASV_1156	Dinoflagellata	Dinophyceae	Suessiales	Symbiodiniaceae	Miliolidium	M_AM748617_D1.2	88_M_D1.2	ASV_1156_88_M_D1.2
ASV_116	Dinoflagellata	Dinophyceae	Suessiales	Symbiodiniaceae	Symbiodinium	5599_A_id89.4_A2i	97.5_A2q	ASV_116_97.5_A2q
ASV_1164	Dinoflagellata	Dinophyceae	Suessiales	Symbiodiniaceae	Symbiodinium	NA	77.2_A2t	ASV_1164_77.2_A2t
ASV_119	Dinoflagellata	Dinophyceae	Suessiales	Symbiodiniaceae	Durusdinium	NA	D4l	ASV_119_D4l
ASV_12	Dinoflagellata	Dinophyceae	Suessiales	Symbiodiniaceae	Miliolidium	M_AM748617_D1.2	91_M_D1.2	ASV_12_91_M_D1.2
ASV_121	Dinoflagellata	Dinophyceae	Suessiales	Symbiodiniaceae	Symbiodinium	NA	A1	ASV_121_A1
ASV_134	Dinoflagellata	Dinophyceae	Suessiales	Symbiodiniaceae	Freudenthalidium	6012_F_id92.2_F3.2	92.5_F3o	ASV_134_92.5_F3o
ASV_144	Dinoflagellata	Dinophyceae	Suessiales	Symbiodiniaceae	Symbiodinium	A_EU106351|_A2w_97.4_A2s_96.6	97_A2w	ASV_144_97_A2w
ASV_147	Dinoflagellata	Dinophyceae	Suessiales	Symbiodiniaceae	clade_J	J_LC503420_17OKTs7-09	J_LC503420	ASV_147_J_LC503420
ASV_15	Dinoflagellata	Dinophyceae	Suessiales	Symbiodiniaceae	Cladocopium	NA	98.9_C3gi	ASV_15_98.9_C3gi
ASV_155	Dinoflagellata	Dinophyceae	Suessiales	Symbiodiniaceae	Symbiodinium	A_EU106351|_A2w_97.4_A2s_96.6	97_A2w	ASV_155_97_A2w
ASV_158	Dinoflagellata	Dinophyceae	Suessiales	Symbiodiniaceae	Symbiodinium	NA	A13i	ASV_158_A13i
ASV_167	Dinoflagellata	Dinophyceae	Suessiales	Symbiodiniaceae	Symbiodinium	A_EU106366	94.1_A2r	ASV_167_94.1_A2r
ASV_168	Dinoflagellata	Dinophyceae	Suessiales	Symbiodiniaceae	Symbiodinium	NA	99.6_A5ac	ASV_168_99.6_A5ac
ASV_174	Dinoflagellata	Dinophyceae	Suessiales	Symbiodiniaceae	Symbiodinium	A_AF184949|_A1er_A1ng_99.6	A1er	ASV_174_A1er
ASV_181	Dinoflagellata	Dinophyceae	Suessiales	Symbiodiniaceae	Cladocopium	NA	C1w	ASV_181_C1w
ASV_184	Dinoflagellata	Dinophyceae	Suessiales	Symbiodiniaceae	Symbiodinium	NA	A4at	ASV_184_A4at
ASV_188	Dinoflagellata	Dinophyceae	Suessiales	Symbiodiniaceae	Symbiodinium	5626_A_id98.7_A3df	98.7_A3df	ASV_188_98.7_A3df
ASV_2	Dinoflagellata	Dinophyceae	Suessiales	Symbiodiniaceae	Durusdinium	NA	D1	ASV_2_D1
ASV_20	Dinoflagellata	Dinophyceae	Suessiales	Symbiodiniaceae	Fugacium	F5.1a_AM748591_F5.1a/F5u_F5.1b_99.6	F5.1a/F5u	ASV_20_F5.1a/F5u
ASV_206	Dinoflagellata	Dinophyceae	Suessiales	Symbiodiniaceae	Freudenthalidium	F3_AJ291525_F3.1_F3h_99.6	F3.1	ASV_206_F3.1
ASV_215	Dinoflagellata	Dinophyceae	Suessiales	Symbiodiniaceae	Freudenthalidium	5758_F_id98.9_F3m	F3m	ASV_215_F3m
ASV_217	Dinoflagellata	Dinophyceae	Suessiales	Symbiodiniaceae	Cladocopium	NA	99.6_C39ae	ASV_217_99.6_C39ae
ASV_225	Dinoflagellata	Dinophyceae	Suessiales	Symbiodiniaceae	Cladocopium	NA	98.3_C66au	ASV_225_98.3_C66au
ASV_250	Dinoflagellata	Dinophyceae	Suessiales	Symbiodiniaceae	Cladocopium	NA	99.6_C3mc	ASV_250_99.6_C3mc
ASV_252	Dinoflagellata	Dinophyceae	Suessiales	Symbiodiniaceae	Miliolidium	NA	73.9_M_JQ247049_D1.1	ASV_252_73.9_M_JQ247049_D1.1
ASV_254	Dinoflagellata	Dinophyceae	Suessiales	Symbiodiniaceae	Fugacium	F5.2d_AJ291530|_F5.2d/F5ae_F5ak_99.6	F5.2d/F5ae	ASV_254_F5.2d/F5ae
ASV_26	Dinoflagellata	Dinophyceae	Suessiales	Symbiodiniaceae	Freudenthalidium	5588_F_id95.9_F3.2	96.3_F3o	ASV_26_96.3_F3o
ASV_275	Dinoflagellata	Dinophyceae	Suessiales	Symbiodiniaceae	Fugacium	F5.2c_AM748596_F5a_F5.2c	99.6_F5.2c	ASV_275_99.6_F5.2c
ASV_279	Dinoflagellata	Dinophyceae	Suessiales	Symbiodiniaceae	Cladocopium	NA	98.9_C1pe_C1gc	ASV_279_98.9_C1pe_C1gc
ASV_287	Dinoflagellata	Dinophyceae	Suessiales	Symbiodiniaceae	Cladocopium	NA	98.9_C42au	ASV_287_98.9_C42au
ASV_295	Dinoflagellata	Dinophyceae	Suessiales	Symbiodiniaceae	Halluxium	H5_AM748609_H5_H5a_99.6	99.6_H5	ASV_295_99.6_H5
ASV_3	Dinoflagellata	Dinophyceae	Suessiales	Symbiodiniaceae	Cladocopium	NA	C15	ASV_3_C15
ASV_340	Dinoflagellata	Dinophyceae	Suessiales	Symbiodiniaceae	Freudenthalidium	5892_F_id87.7_F3.2	87.7_F3.2	ASV_340_87.7_F3.2
ASV_354	Dinoflagellata	Dinophyceae	Suessiales	Symbiodiniaceae	Symbiodinium	NA	77.6_A2t	ASV_354_77.6_A2t
ASV_359	Dinoflagellata	Dinophyceae	Suessiales	Symbiodiniaceae	Cladocopium	C22z	C22z	ASV_359_C22z
ASV_360	Dinoflagellata	Dinophyceae	Suessiales	Symbiodiniaceae	Miliolidium	NA	84.7_M_D1.2	ASV_360_84.7_M_D1.2
ASV_384	Dinoflagellata	Dinophyceae	Suessiales	Symbiodiniaceae	Freudenthalidium	NA	85.5_F3.1_F3d_F3i	ASV_384_85.5_F3.1_F3d_F3i
ASV_396	Dinoflagellata	Dinophyceae	Suessiales	Symbiodiniaceae	Symbiodinium	5593_A_id98.7_A5ac	98.7_A5ac	ASV_396_98.7_A5ac
ASV_4	Dinoflagellata	Dinophyceae	Suessiales	Symbiodiniaceae	Fugacium	F5.1_AF333516_F5.1_F5c	F5.1_F5c	ASV_4_F5.1_F5c
ASV_407	Dinoflagellata	Dinophyceae	Suessiales	Symbiodiniaceae	Symbiodinium	A_EU106366	93.4_A2r	ASV_407_93.4_A2r
ASV_408	Dinoflagellata	Dinophyceae	Suessiales	Symbiodiniaceae	Symbiodinium	5627_A_id98.7_A5ac	98.7_A5ac	ASV_408_98.7_A5ac
ASV_432	Dinoflagellata	Dinophyceae	Suessiales	Symbiodiniaceae	Symbiodinium	NA	97.4_A2w	ASV_432_97.4_A2w
ASV_433	Dinoflagellata	Dinophyceae	Suessiales	Symbiodiniaceae	clade_J	J_LC503409_17OKTs6-04	98.2_J_LC503420	ASV_433_98.2_J_LC503420
ASV_437	Dinoflagellata	Dinophyceae	Suessiales	Symbiodiniaceae	Freudenthalidium	6012_F_id92.2_F3.2	91.8_F3o	ASV_437_91.8_F3o
ASV_447	Dinoflagellata	Dinophyceae	Suessiales	Symbiodiniaceae	Freudenthalidium	5892_F_id87.7_F3.2	87.3_F3.2	ASV_447_87.3_F3.2
ASV_45	Dinoflagellata	Dinophyceae	Suessiales	Symbiodiniaceae	Symbiodinium	NA	75.8_A1my	ASV_45_75.8_A1my
ASV_459	Dinoflagellata	Dinophyceae	Suessiales	Symbiodiniaceae	clade_I	NA	I2f	ASV_459_I2f
ASV_461	Dinoflagellata	Dinophyceae	Suessiales	Symbiodiniaceae	Fugacium	NA	91.6_F5x	ASV_461_91.6_F5x
ASV_476	Dinoflagellata	Dinophyceae	Suessiales	Symbiodiniaceae	Symbiodinium	5632_A_id97.0_A2e	97_A2e	ASV_476_97_A2e
ASV_478	Dinoflagellata	Dinophyceae	Suessiales	Symbiodiniaceae	Freudenthalidium	5758_F_id98.9_F3m	98.9_F3m	ASV_478_98.9_F3m
ASV_485	Dinoflagellata	Dinophyceae	Suessiales	Symbiodiniaceae	Freudenthalidium	6013_F_id84.7_F3.2	84.7_F3.2	ASV_485_84.7_F3.2
ASV_487	Dinoflagellata	Dinophyceae	Suessiales	Symbiodiniaceae	Symbiodinium	NA	79.1_A1mw	ASV_487_79.1_A1mw
ASV_491	Dinoflagellata	Dinophyceae	Suessiales	Symbiodiniaceae	Freudenthalidium	NA	88.8_F3.2_F3o	ASV_491_88.8_F3.2_F3o
ASV_494	Dinoflagellata	Dinophyceae	Suessiales	Symbiodiniaceae	Symbiodinium	NA	77.5_A2u	ASV_494_77.5_A2u
ASV_5	Dinoflagellata	Dinophyceae	Suessiales	Symbiodiniaceae	Freudenthalidium	NA	96.7_F3o	ASV_5_96.7_F3o
ASV_502	Dinoflagellata	Dinophyceae	Suessiales	Symbiodiniaceae	Miliolidium	M_AM748617_D1.2	79.5_M_D1.2	ASV_502_79.5_M_D1.2
ASV_508	Dinoflagellata	Dinophyceae	Suessiales	Symbiodiniaceae	Freudenthalidium	6012_F_id92.2_F3.2	91.8_F3o	ASV_508_91.8_F3o
ASV_529	Dinoflagellata	Dinophyceae	Suessiales	Symbiodiniaceae	Cladocopium	NA	C15gk_C15em	ASV_529_C15gk_C15em
ASV_530	Dinoflagellata	Dinophyceae	Suessiales	Symbiodiniaceae	Fugacium	NA	96.6_F5x	ASV_530_96.6_F5x
ASV_535	Dinoflagellata	Dinophyceae	Suessiales	Symbiodiniaceae	Fugacium	F5.2c_AM748596_F5a_F5.2c	F5.2c_F5a	ASV_535_F5.2c_F5a
ASV_540	Dinoflagellata	Dinophyceae	Suessiales	Symbiodiniaceae	Cladocopium	NA	96.4_C1jz	ASV_540_96.4_C1jz
ASV_56	Dinoflagellata	Dinophyceae	Suessiales	Symbiodiniaceae	Symbiodinium	A_EU106351|_A2w_97.4_A2s_96.6	97.4_A2w	ASV_56_97.4_A2w
ASV_6	Dinoflagellata	Dinophyceae	Suessiales	Symbiodiniaceae	Symbiodinium	A6_AY686646|_A6_A6n_99.6	A6	ASV_6_A6
ASV_603	Dinoflagellata	Dinophyceae	Suessiales	Symbiodiniaceae	Freudenthalidium	NA	89.3_F3o	ASV_603_89.3_F3o
ASV_612	Dinoflagellata	Dinophyceae	Suessiales	Symbiodiniaceae	Durusdinium	D_EU074897_D6c_D6n_99.6	95.1_D3h	ASV_612_95.1_D3h
ASV_63	Dinoflagellata	Dinophyceae	Suessiales	Symbiodiniaceae	Symbiodinium	5624_A_id97.5_A2x	97.5_A2e_A2x	ASV_63_97.5_A2e_A2x
ASV_642	Dinoflagellata	Dinophyceae	Suessiales	Symbiodiniaceae	Cladocopium	NA	96.9_C1jz	ASV_642_96.9_C1jz
ASV_669	Dinoflagellata	Dinophyceae	Suessiales	Symbiodiniaceae	clade_Fr4	F4_AJ291528_F4.1_99.2_F4.1a_98.0	98.8_F4.1	ASV_669_98.8_F4.1
ASV_7	Dinoflagellata	Dinophyceae	Suessiales	Symbiodiniaceae	Symbiodinium	NA	A3	ASV_7_A3
ASV_705	Dinoflagellata	Dinophyceae	Suessiales	Symbiodiniaceae	Cladocopium	NA	97.9_C66au	ASV_705_97.9_C66au
ASV_708	Dinoflagellata	Dinophyceae	Suessiales	Symbiodiniaceae	Fugacium	F5.2a_AJ291532_F5.2_F5b	F5.2_F5b	ASV_708_F5.2_F5b
ASV_729	Dinoflagellata	Dinophyceae	Suessiales	Symbiodiniaceae	Symbiodinium	5765_A_id84.3_A1mr	99.6_A1di	ASV_729_99.6_A1di
ASV_738	Dinoflagellata	Dinophyceae	Suessiales	Symbiodiniaceae	Symbiodinium	5594_A_id79.7_A2w	99.6_A13i	ASV_738_99.6_A13i
ASV_74	Dinoflagellata	Dinophyceae	Suessiales	Symbiodiniaceae	Symbiodinium	5591_A_id80.5_A2w	98.7_A13i	ASV_74_98.7_A13i
ASV_768	Dinoflagellata	Dinophyceae	Suessiales	Symbiodiniaceae	Cladocopium	NA	98.7_C66au	ASV_768_98.7_C66au
ASV_784	Dinoflagellata	Dinophyceae	Suessiales	Symbiodiniaceae	Symbiodinium	A_EU106366	92.9_A2r	ASV_784_92.9_A2r
ASV_8	Dinoflagellata	Dinophyceae	Suessiales	Symbiodiniaceae	Durusdinium	NA	D4	ASV_8_D4
ASV_830	Dinoflagellata	Dinophyceae	Suessiales	Symbiodiniaceae	clade_J	NA	79.6_J_LC503420	ASV_830_79.6_J_LC503420
ASV_834	Dinoflagellata	Dinophyceae	Suessiales	Symbiodiniaceae	clade_J	NA	80.3_J_LC503420	ASV_834_80.3_J_LC503420
ASV_840	Dinoflagellata	Dinophyceae	Suessiales	Symbiodiniaceae	Symbiodinium	5596_A_id98.3_A5ac	98.3_A5ac	ASV_840_98.3_A5ac
ASV_852	Dinoflagellata	Dinophyceae	Suessiales	Symbiodiniaceae	clade_I	NA	97.4_I2	ASV_852_97.4_I2
ASV_875	Dinoflagellata	Dinophyceae	Suessiales	Symbiodiniaceae	clade_J	NA	80.3_J_LC503420	ASV_875_80.3_J_LC503420
ASV_887	Dinoflagellata	Dinophyceae	Suessiales	Symbiodiniaceae	Cladocopium	C40c	94.7_C1jz	ASV_887_94.7_C1jz
ASV_894	Dinoflagellata	Dinophyceae	Suessiales	Symbiodiniaceae	Cladocopium	NA	95.5_C15ea	ASV_894_95.5_C15ea
ASV_898	Dinoflagellata	Dinophyceae	Suessiales	Symbiodiniaceae	Symbiodinium	NA	76.8_A2t	ASV_898_76.8_A2t
ASV_9	Dinoflagellata	Dinophyceae	Suessiales	Symbiodiniaceae	Cladocopium	NA	C21dp	ASV_9_C21dp
ASV_904	Dinoflagellata	Dinophyceae	Suessiales	Symbiodiniaceae	clade_J	J_LC503420_17OKTs7-09	99.6_J_LC503420	ASV_904_99.6_J_LC503420
ASV_916	Dinoflagellata	Dinophyceae	Suessiales	Symbiodiniaceae	clade_J	J_LC503409_17OKTs6-04	98.2_J_LC503420	ASV_916_98.2_J_LC503420
ASV_957	Dinoflagellata	Dinophyceae	Suessiales	Symbiodiniaceae	Symbiodinium	5840_A_id84.3_A1mr	A1di	ASV_957_A1di
ASV_960	Dinoflagellata	Dinophyceae	Suessiales	Symbiodiniaceae	Freudenthalidium	NA	85.1_F3s_F3p	ASV_960_85.1_F3s_F3p
ASV_971	Dinoflagellata	Dinophyceae	Suessiales	Symbiodiniaceae	Miliolidium	NA	85.7_M_D1.2	ASV_971_85.7_M_D1.2
ASV_974	Dinoflagellata	Dinophyceae	Suessiales	Symbiodiniaceae	Symbiodinium	NA	99.6_A5ac	ASV_974_99.6_A5ac
ASV_979	Dinoflagellata	Dinophyceae	Suessiales	Symbiodiniaceae	Cladocopium	NA	C50c	ASV_979_C50c
ASV_998	Dinoflagellata	Dinophyceae	Suessiales	Symbiodiniaceae	Symbiodinium	NA	77.1_A2u	ASV_998_77.1_A2u
